movie,action,adventure,animation,art,biography,comedy,crime,dark_comedy,documentary,drama,epic,family,fantasy,fiction,history,historical_drama,horror,music,musical,mystery,noir,romance,romantic_comedy,science_fiction,sport,thriller,war,western,dark comedy,historical drama,romantic comedy,science fiction
Maleficent: Mistress of Evil,0.7,0.65,0.0,0.1,0.05,0.15,0.0,0.05,0.0,0.75,0.4,0.5,0.9,1.0,0.0,0.0,0.2,0.1,0.0,0.1,0.0,0.4,0.0,0.0,0.0,0.25,0.0,0.0,0.0,0.0,0.0,0.0
Annabelle,0.05,0.05,0.0,0.0,0.0,0.0,0.0,0.0,0.0,0.15,0.0,0.0,0.0,0.95,0.0,0.0,0.9,0.0,0.0,0.1,0.0,0.0,0.0,0.0,0.0,0.85,0.0,0.0,0.0,0.0,0.0,0.0
Underworld,0.95,0.7,0.0,0.1,0.0,0.05,0.0,0.0,0.0,0.6,0.2,0.0,0.9,1.0,0.0,0.0,0.85,0.15,0.0,0.2,0.0,0.1,0.0,0.8,0.0,0.8,0.0,0.0,0.0,0.0,0.0,0.0
Persuasion,0.05,0.1,0.0,0.15,0.0,0.05,0.0,0.0,0.0,0.85,0.0,0.1,0.0,1.0,0.2,0.0,0.0,0.05,0.0,0.15,0.0,0.95,0.0,0.0,0.0,0.05,0.0,0.0,0.0,0.7,0.2,0.0
Guillermo del Toro's Pinocchio,0.2,0.75,0.95,0.8,0.1,0.3,0.05,0.4,0.0,0.9,0.6,0.85,0.9,1.0,0.15,0.1,0.7,0.65,0.45,0.25,0.0,0.1,0.0,0.05,0.0,0.5,0.0,0.0,0.0,0.0,0.0,0.0
The Rules of Attraction,0.05,0.01,0.0,0.15,0.0,0.2,0.0,0.0,0.0,0.75,0.0,0.0,0.0,0.98,0.0,0.0,0.05,0.02,0.0,0.1,0.0,0.3,0.0,0.0,0.0,0.1,0.0,0.0,0.18,0.0,0.1,0.0
Spellbound,0.1,0.0,0.0,0.15,0.05,0.0,0.0,0.0,0.0,0.9,0.05,0.0,0.0,1.0,0.0,0.1,0.0,0.1,0.0,0.95,0.05,0.3,0.0,0.0,0.0,0.9,0.0,0.0,0.0,0.0,0.0,0.0
Mr. Harrigan's Phone,0.0,0.0,0.0,0.05,0.8,0.05,0.0,0.1,0.0,0.95,0.0,0.1,0.0,1.0,0.05,0.1,0.15,0.0,0.0,0.2,0.0,0.0,0.0,0.0,0.0,0.1,0.0,0.0,0.0,0.0,0.0,0.0
Prisoners,0.2,0.05,0.0,0.15,0.0,0.0,0.85,0.0,0.0,0.9,0.0,0.0,0.0,1.0,0.0,0.0,0.05,0.0,0.0,0.95,0.0,0.0,0.0,0.0,0.0,0.9,0.0,0.0,0.0,0.0,0.0,0.0
Mystery Men,0.6,0.2,0.0,0.15,0.0,0.95,0.05,0.0,0.0,0.3,0.0,0.1,0.25,1.0,0.0,0.0,0.0,0.1,0.15,0.3,0.0,0.0,0.1,0.1,0.0,0.15,0.0,0.0,0.8,0.0,0.0,0.0
The Map That Leads to You,0.01,0.1,0.0,0.05,0.0,0.05,0.0,0.0,0.0,0.3,0.0,0.05,0.02,0.95,0.0,0.02,0.0,0.05,0.0,0.25,0.0,0.1,0.02,0.0,0.0,0.2,0.0,0.0,0.0,0.0,0.0,0.0
Chasing Amy,0.05,0.0,0.0,0.15,0.0,0.85,0.0,0.0,0.0,0.75,0.0,0.0,0.0,1.0,0.0,0.0,0.0,0.1,0.0,0.0,0.0,0.95,0.0,0.0,0.0,0.0,0.0,0.0,0.7,0.0,0.9,0.0
The Man Who Came to Dinner,0.0,0.0,0.0,0.1,0.05,0.95,0.0,0.0,0.0,0.7,0.0,0.05,0.0,1.0,0.0,0.0,0.0,0.05,0.0,0.15,0.0,0.0,0.0,0.0,0.0,0.0,0.0,0.0,0.8,0.05,0.0,0.0
Inside Job,0.0,0.0,0.0,0.01,0.85,0.0,0.05,0.0,0.99,0.9,0.0,0.0,0.0,0.0,0.95,0.0,0.0,0.0,0.0,0.05,0.0,0.0,0.0,0.0,0.0,0.05,0.0,0.0,0.0,0.0,0.0,0.0
Insomnia,0.05,0.0,0.0,0.1,0.0,0.0,0.2,0.0,0.0,0.75,0.0,0.0,0.0,1.0,0.0,0.0,0.0,0.0,0.0,0.8,0.0,0.0,0.0,0.0,0.0,0.9,0.0,0.0,0.0,0.0,0.0,0.0
A Chorus Line,0.01,0.01,0.0,0.1,0.05,0.05,0.0,0.0,0.0,0.4,0.0,0.05,0.0,0.9,0.0,0.0,0.0,0.8,0.95,0.02,0.0,0.1,0.0,0.0,0.0,0.02,0.0,0.0,0.0,0.0,0.0,0.0
October Sky,0.1,0.2,0.0,0.1,0.9,0.2,0.0,0.0,0.0,0.95,0.1,0.8,0.0,1.0,0.8,0.9,0.0,0.1,0.0,0.0,0.0,0.1,0.0,0.0,0.1,0.0,0.0,0.0,0.0,0.0,0.0,0.0
Mommie Dearest,0.0,0.0,0.0,0.05,0.95,0.05,0.0,0.0,0.0,0.9,0.0,0.0,0.0,1.0,0.2,0.0,0.05,0.0,0.0,0.15,0.0,0.0,0.0,0.0,0.0,0.1,0.0,0.0,0.1,0.8,0.0,0.0
White Men Can't Jump,0.05,0.0,0.0,0.05,0.0,0.95,0.0,0.0,0.0,0.7,0.0,0.05,0.0,1.0,0.0,0.0,0.0,0.1,0.05,0.05,0.0,0.15,0.9,0.0,0.9,0.0,0.0,0.0,0.8,0.0,0.0,0.0
The Color of Money,0.7,0.0,0.0,0.1,0.0,0.2,0.95,0.0,0.0,0.9,0.0,0.0,0.0,1.0,0.0,0.0,0.0,0.1,0.0,0.8,0.6,0.0,0.0,0.0,0.0,0.85,0.0,0.0,0.15,0.0,0.0,0.0
Turner & Hooch,0.25,0.3,0.0,0.05,0.0,0.6,0.0,0.0,0.0,0.5,0.0,0.7,0.0,1.0,0.0,0.0,0.0,0.0,0.0,0.0,0.0,0.1,0.0,0.0,0.0,0.0,0.0,0.0,0.2,0.0,0.3,0.0
Thor,0.95,0.9,0.0,0.1,0.0,0.2,0.0,0.15,0.0,0.7,0.8,0.6,0.9,1.0,0.1,0.1,0.1,0.1,0.0,0.1,0.0,0.1,0.0,0.7,0.0,0.4,0.0,0.0,0.0,0.0,0.0,0.0
Gotti,0.1,0.0,0.0,0.0,0.9,0.0,0.95,0.0,0.0,0.9,0.0,0.0,0.0,1.0,0.8,0.0,0.0,0.0,0.0,0.1,0.1,0.0,0.0,0.0,0.0,0.5,0.0,0.0,0.0,0.8,0.0,0.0
Three Days of the Condor,0.95,0.2,0.0,0.05,0.0,0.05,0.8,0.0,0.0,0.9,0.0,0.0,0.0,1.0,0.0,0.0,0.0,0.0,0.0,0.9,0.2,0.0,0.0,0.0,0.0,0.95,0.0,0.0,0.1,0.0,0.0,0.0
The Princess Switch: Switched Again,0.05,0.1,0.0,0.05,0.0,0.7,0.0,0.15,0.0,0.2,0.0,0.9,0.15,1.0,0.0,0.05,0.0,0.05,0.1,0.0,0.0,0.6,0.85,0.0,0.0,0.0,0.0,0.0,0.0,0.0,0.0,0.0
Tuesday,0.0,0.0,0.0,0.05,0.0,0.0,0.0,0.0,0.0,0.8,0.0,0.0,0.0,1.0,0.0,0.0,0.0,0.0,0.0,0.0,0.0,0.0,0.0,0.0,0.0,0.0,0.0,0.0,0.0,0.0,0.0,0.0
You Are So Not Invited to My Bat Mitzvah,0.01,0.01,0.0,0.05,0.01,0.95,0.01,0.0,0.0,0.4,0.0,0.8,0.01,1.0,0.02,0.0,0.01,0.1,0.05,0.01,0.0,0.05,0.0,0.0,0.0,0.01,0.0,0.0,0.7,0.01,0.1,0.0
Big Hero 6,0.65,0.7,0.95,0.5,0.0,0.75,0.05,0.0,0.0,0.6,0.0,0.9,0.15,0.98,0.0,0.0,0.0,0.6,0.15,0.2,0.0,0.3,0.0,0.0,0.0,0.2,0.0,0.0,0.1,0.0,0.1,0.85
Perfume: The Story of a Murderer,0.05,0.1,0.0,0.6,0.85,0.0,0.95,0.0,0.0,0.9,0.2,0.0,0.0,1.0,0.7,0.0,0.4,0.25,0.0,0.9,0.1,0.0,0.0,0.0,0.0,0.8,0.0,0.0,0.0,0.8,0.0,0.0
The Gorge,0.1,0.15,0.0,0.25,0.0,0.0,0.05,0.0,0.1,0.3,0.0,0.0,0.0,0.95,0.0,0.0,0.0,0.0,0.0,0.05,0.0,0.0,0.0,0.0,0.0,0.1,0.0,0.0,0.0,0.0,0.0,0.0
Quantum of Solace,0.95,0.8,0.0,0.05,0.0,0.0,0.7,0.0,0.0,0.85,0.1,0.0,0.0,1.0,0.0,0.0,0.0,0.1,0.0,0.75,0.1,0.0,0.0,0.0,0.0,0.9,0.0,0.0,0.0,0.0,0.0,0.0
The Truman Show,0.05,0.1,0.0,0.75,0.2,0.3,0.0,0.4,0.0,0.9,0.2,0.05,0.05,1.0,0.0,0.0,0.0,0.15,0.0,0.85,0.0,0.1,0.0,0.15,0.0,0.8,0.0,0.0,0.0,0.0,0.0,0.0
A Different Man,0.05,0.0,0.0,0.1,0.85,0.0,0.0,0.0,0.0,0.9,0.0,0.0,0.0,1.0,0.8,0.0,0.0,0.05,0.0,0.0,0.0,0.0,0.0,0.0,0.0,0.0,0.0,0.0,0.0,0.9,0.0,0.0
It Came from Outer Space,0.2,0.3,0.0,0.05,0.0,0.0,0.0,0.0,0.0,0.4,0.1,0.15,0.0,1.0,0.0,0.0,0.9,0.0,0.0,0.5,0.0,0.0,0.0,0.0,0.0,0.85,0.0,0.0,0.0,0.0,0.0,0.95
Spider-Man 3,0.95,0.8,0.0,0.05,0.0,0.2,0.1,0.0,0.0,0.7,0.1,0.6,0.2,1.0,0.0,0.0,0.3,0.1,0.0,0.1,0.0,0.1,0.0,0.0,0.0,0.5,0.0,0.0,0.15,0.0,0.0,0.15
Under the Skin,0.0,0.05,0.0,0.85,0.0,0.05,0.1,0.0,0.0,0.9,0.0,0.0,0.0,1.0,0.0,0.0,0.2,0.15,0.0,0.7,0.05,0.1,0.0,0.0,0.0,0.8,0.0,0.0,0.0,0.0,0.0,0.0
Dìdì,0.05,0.01,0.0,0.15,0.0,0.2,0.0,0.1,0.0,0.4,0.0,0.0,0.0,1.0,0.0,0.0,0.0,0.05,0.0,0.0,0.0,0.0,0.0,0.0,0.0,0.0,0.0,0.0,0.0,0.0,0.0,0.0
Clockwatchers,0.05,0.0,0.0,0.2,0.0,0.1,0.4,0.15,0.7,0.6,0.0,0.0,0.0,0.7,0.2,0.1,0.0,0.0,0.0,0.3,0.0,0.0,0.0,0.0,0.0,0.3,0.0,0.0,0.0,0.0,0.0,0.0
Lethal Weapon 2,0.95,0.2,0.0,0.05,0.0,0.8,0.7,0.0,0.0,0.6,0.1,0.15,0.0,1.0,0.0,0.0,0.0,0.1,0.0,0.25,0.0,0.05,0.1,0.0,0.0,0.85,0.0,0.0,0.75,0.0,0.0,0.0
A Kiss Before Dying,0.05,0.01,0.0,0.15,0.0,0.0,0.1,0.0,0.0,0.75,0.0,0.0,0.0,0.95,0.0,0.0,0.0,0.0,0.0,0.15,0.05,0.8,0.0,0.0,0.0,0.1,0.0,0.0,0.0,0.05,0.0,0.0
Hillbilly Elegy,0.0,0.0,0.0,0.05,0.95,0.05,0.05,0.0,0.0,0.9,0.0,0.1,0.0,0.95,0.1,0.0,0.0,0.05,0.0,0.05,0.0,0.05,0.0,0.0,0.0,0.05,0.0,0.0,0.05,0.15,0.0,0.0
Ted 2,0.1,0.15,0.85,0.05,0.0,0.95,0.0,0.0,0.0,0.2,0.0,0.75,0.2,1.0,0.0,0.0,0.0,0.1,0.05,0.0,0.0,0.1,0.0,0.0,0.0,0.0,0.0,0.0,0.7,0.0,0.5,0.0
I Am Sam,0.0,0.0,0.0,0.05,0.6,0.2,0.0,0.0,0.0,0.95,0.0,0.7,0.0,1.0,0.0,0.0,0.0,0.05,0.0,0.0,0.0,0.1,0.0,0.0,0.0,0.0,0.0,0.0,0.1,0.0,0.05,0.0
RoboCop,0.95,0.1,0.0,0.15,0.05,0.2,0.8,0.7,0.0,0.85,0.05,0.0,0.0,1.0,0.0,0.0,0.6,0.05,0.0,0.65,0.1,0.0,0.0,0.9,0.0,0.9,0.0,0.0,0.0,0.0,0.0,0.0
Terror on the Prairie,0.1,0.2,0.0,0.05,0.0,0.0,0.05,0.0,0.0,0.3,0.05,0.15,0.0,0.95,0.25,0.0,0.4,0.05,0.0,0.2,0.0,0.0,0.0,0.0,0.0,0.3,0.0,0.7,0.0,0.35,0.0,0.0
The Two Popes,0.01,0.01,0.0,0.15,0.95,0.05,0.0,0.0,0.0,0.9,0.0,0.0,0.0,0.9,0.9,0.0,0.0,0.05,0.0,0.0,0.0,0.0,0.0,0.0,0.0,0.0,0.0,0.0,0.0,0.95,0.0,0.0
In the Army Now,0.2,0.05,0.0,0.05,0.1,0.6,0.0,0.55,0.0,0.3,0.0,0.1,0.0,1.0,0.1,0.15,0.0,0.7,0.8,0.0,0.0,0.0,0.0,0.0,0.0,0.0,0.2,0.0,0.0,0.0,0.0,0.0
Harold and Maude,0.0,0.0,0.0,0.95,0.2,0.85,0.0,0.0,0.0,0.7,0.0,0.05,0.0,1.0,0.0,0.0,0.05,0.25,0.1,0.0,0.0,0.0,0.0,0.0,0.0,0.0,0.0,0.0,0.9,0.0,0.0,0.0
Pale Rider,0.95,0.6,0.0,0.1,0.05,0.05,0.1,0.0,0.0,0.8,0.2,0.0,0.0,1.0,0.05,0.1,0.0,0.1,0.0,0.2,0.0,0.0,0.0,0.0,0.0,0.7,0.0,0.98,0.0,0.0,0.0,0.0
Sound of Metal,0.05,0.01,0.0,0.3,0.05,0.02,0.02,0.0,0.0,0.95,0.05,0.01,0.0,1.0,0.0,0.0,0.05,0.2,0.0,0.05,0.0,0.01,0.0,0.0,0.0,0.1,0.0,0.0,0.0,0.0,0.0,0.0
Father Stu,0.05,0.0,0.0,0.1,0.95,0.0,0.0,0.0,0.0,0.9,0.05,0.1,0.0,1.0,0.7,0.9,0.0,0.05,0.0,0.0,0.0,0.0,0.0,0.0,0.0,0.05,0.0,0.0,0.0,0.0,0.0,0.0
The Uninvited,0.01,0.0,0.0,0.05,0.0,0.0,0.0,0.0,0.0,0.65,0.0,0.0,0.0,1.0,0.0,0.0,0.85,0.0,0.0,0.7,0.0,0.0,0.0,0.0,0.0,0.9,0.0,0.0,0.0,0.0,0.0,0.0
8MM,0.1,0.05,0.0,0.2,0.0,0.05,0.7,0.0,0.0,0.85,0.0,0.0,0.0,1.0,0.15,0.1,0.05,0.05,0.0,0.75,0.6,0.1,0.0,0.0,0.0,0.8,0.0,0.0,0.1,0.0,0.0,0.0
Evan Almighty,0.2,0.3,0.0,0.05,0.0,0.7,0.0,0.0,0.0,0.4,0.25,0.8,0.75,1.0,0.2,0.0,0.0,0.05,0.1,0.05,0.0,0.1,0.0,0.0,0.0,0.05,0.0,0.0,0.6,0.2,0.4,0.1
The Secret of My Success,0.05,0.01,0.0,0.0,0.2,0.85,0.0,0.0,0.0,0.7,0.0,0.1,0.0,1.0,0.0,0.0,0.0,0.0,0.0,0.0,0.0,0.1,0.2,0.0,0.0,0.0,0.0,0.0,0.2,0.0,0.0,0.0
Shenandoah,0.6,0.75,0.0,0.1,0.05,0.15,0.05,0.0,0.0,0.8,0.65,0.2,0.0,1.0,0.7,0.85,0.0,0.1,0.0,0.1,0.0,0.1,0.0,0.0,0.0,0.15,0.3,0.95,0.0,0.0,0.0,0.0
An American Werewolf in Paris,0.1,0.05,0.0,0.2,0.0,0.15,0.05,0.0,0.0,0.4,0.0,0.0,0.1,1.0,0.0,0.0,0.8,0.1,0.0,0.1,0.0,0.05,0.0,0.0,0.0,0.3,0.0,0.0,0.25,0.0,0.0,0.0
The Equalizer 2,0.95,0.1,0.0,0.05,0.0,0.0,0.9,0.0,0.0,0.7,0.0,0.0,0.0,1.0,0.0,0.0,0.0,0.05,0.0,0.8,0.0,0.0,0.0,0.0,0.0,0.9,0.0,0.0,0.0,0.0,0.0,0.0
Othello,0.05,0.0,0.0,0.1,0.1,0.0,0.0,0.0,0.0,0.95,0.05,0.0,0.0,1.0,0.1,0.9,0.0,0.0,0.0,0.2,0.05,0.1,0.0,0.0,0.0,0.1,0.0,0.0,0.0,0.0,0.0,0.0
Clerks,0.05,0.0,0.0,0.2,0.0,0.95,0.1,0.0,0.0,0.7,0.0,0.0,0.0,1.0,0.0,0.0,0.0,0.1,0.0,0.0,0.0,0.0,0.1,0.0,0.0,0.0,0.0,0.0,0.9,0.0,0.0,0.0
Behind Enemy Lines,0.95,0.7,0.0,0.05,0.0,0.0,0.0,0.0,0.0,0.6,0.2,0.0,0.0,1.0,0.1,0.1,0.0,0.0,0.0,0.2,0.0,0.0,0.0,0.0,0.0,0.8,0.85,0.0,0.0,0.0,0.0,0.0
Seventh Son,0.85,0.75,0.0,0.1,0.05,0.15,0.05,0.1,0.0,0.6,0.2,0.5,0.9,1.0,0.15,0.1,0.2,0.15,0.05,0.4,0.0,0.05,0.0,0.0,0.0,0.45,0.0,0.0,0.0,0.0,0.0,0.0
Child's Play 2,0.05,0.0,0.0,0.0,0.0,0.05,0.0,0.05,0.0,0.1,0.0,0.2,0.0,1.0,0.0,0.0,0.9,0.0,0.0,0.05,0.0,0.0,0.0,0.0,0.0,0.2,0.0,0.0,0.0,0.0,0.0,0.0
Captain America: Brave New World,0.95,0.85,0.0,0.05,0.7,0.1,0.15,0.0,0.0,0.8,0.75,0.6,0.2,1.0,0.8,0.85,0.05,0.05,0.0,0.1,0.0,0.1,0.0,0.9,0.0,0.7,0.2,0.0,0.0,0.0,0.0,0.0
Lethal Weapon,0.95,0.2,0.0,0.05,0.0,0.7,0.9,0.0,0.0,0.6,0.1,0.1,0.0,1.0,0.0,0.0,0.0,0.15,0.0,0.75,0.1,0.1,0.15,0.0,0.0,0.9,0.0,0.0,0.65,0.0,0.0,0.0
Blood Diamond,0.7,0.8,0.0,0.1,0.75,0.05,0.9,0.0,0.0,0.95,0.6,0.1,0.0,1.0,0.85,0.9,0.1,0.15,0.0,0.6,0.2,0.1,0.0,0.0,0.0,0.8,0.7,0.0,0.0,0.0,0.0,0.0
Roman Holiday,0.01,0.25,0.0,0.15,0.05,0.7,0.0,0.0,0.0,0.65,0.0,0.1,0.0,1.0,0.05,0.0,0.0,0.05,0.05,0.05,0.0,0.9,0.0,0.0,0.0,0.0,0.0,0.0,0.05,0.1,0.85,0.0
World's Greatest Dad,0.05,0.01,0.0,0.0,0.0,0.7,0.0,0.0,0.0,0.25,0.0,0.95,0.0,1.0,0.0,0.0,0.0,0.0,0.0,0.0,0.0,0.1,0.0,0.0,0.0,0.0,0.0,0.0,0.1,0.0,0.2,0.0
Colombiana,0.95,0.6,0.0,0.05,0.1,0.0,0.9,0.0,0.0,0.8,0.0,0.0,0.0,1.0,0.0,0.0,0.2,0.05,0.0,0.7,0.15,0.0,0.0,0.0,0.0,0.9,0.0,0.0,0.0,0.0,0.0,0.0
West Side Story,0.2,0.05,0.0,0.4,0.1,0.05,0.15,0.0,0.0,0.85,0.15,0.25,0.0,1.0,0.15,0.3,0.0,0.95,0.98,0.05,0.0,0.4,0.0,0.0,0.0,0.05,0.0,0.0,0.0,0.0,0.0,0.0
Triangle,0.05,0.1,0.0,0.2,0.0,0.0,0.0,0.0,0.0,0.7,0.0,0.0,0.0,1.0,0.0,0.0,0.6,0.1,0.0,0.8,0.0,0.0,0.0,0.4,0.0,0.9,0.0,0.0,0.0,0.0,0.0,0.0
Michael Collins,0.1,0.05,0.0,0.15,0.95,0.0,0.05,0.0,0.0,0.9,0.2,0.0,0.0,0.99,0.9,0.95,0.0,0.05,0.0,0.05,0.0,0.05,0.0,0.0,0.0,0.05,0.8,0.0,0.0,0.0,0.0,0.0
Creep 2,0.1,0.0,0.0,0.05,0.0,0.05,0.2,0.0,0.0,0.6,0.0,0.0,0.0,1.0,0.0,0.0,0.8,0.0,0.0,0.75,0.0,0.0,0.0,0.0,0.0,0.9,0.0,0.0,0.15,0.0,0.0,0.0
Nobody,0.95,0.05,0.0,0.05,0.0,0.1,0.2,0.15,0.0,0.7,0.0,0.0,0.0,1.0,0.0,0.0,0.0,0.05,0.0,0.25,0.0,0.0,0.0,0.0,0.0,0.8,0.0,0.0,0.0,0.0,0.0,0.0
Road House,0.95,0.1,0.0,0.05,0.0,0.2,0.15,0.0,0.0,0.3,0.0,0.05,0.0,0.99,0.0,0.0,0.0,0.1,0.0,0.05,0.05,0.1,0.0,0.0,0.0,0.6,0.0,0.05,0.25,0.0,0.0,0.0
Entergalactic,0.1,0.2,0.95,0.8,0.05,0.6,0.05,0.55,0.0,0.75,0.15,0.4,0.6,1.0,0.05,0.05,0.0,0.9,0.85,0.1,0.0,0.7,0.5,0.1,0.0,0.1,0.0,0.0,0.0,0.0,0.0,0.0
The Prestige,0.7,0.65,0.0,0.8,0.1,0.05,0.15,0.0,0.0,0.95,0.5,0.0,0.1,1.0,0.2,0.3,0.25,0.15,0.0,0.9,0.2,0.05,0.0,0.0,0.0,0.9,0.0,0.0,0.0,0.0,0.0,0.0
Minions: The Rise of Gru,0.6,0.75,0.95,0.1,0.15,0.85,0.2,0.0,0.0,0.3,0.15,0.9,0.5,0.95,0.35,0.0,0.05,0.4,0.25,0.1,0.0,0.05,0.0,0.0,0.0,0.25,0.0,0.0,0.7,0.1,0.1,0.2
Thinner,0.05,0.01,0.0,0.1,0.0,0.05,0.08,0.15,0.0,0.7,0.0,0.0,0.05,1.0,0.0,0.0,0.4,0.02,0.0,0.25,0.0,0.0,0.0,0.0,0.0,0.3,0.0,0.0,0.0,0.0,0.0,0.0
Alien,0.2,0.15,0.0,0.05,0.0,0.0,0.0,0.0,0.0,0.4,0.1,0.0,0.0,0.95,0.0,0.0,0.9,0.05,0.0,0.15,0.0,0.0,0.0,0.98,0.0,0.85,0.0,0.0,0.0,0.0,0.0,0.0
Rise of the Planet of the Apes,0.95,0.8,0.0,0.1,0.2,0.05,0.0,0.0,0.0,0.75,0.6,0.65,0.25,1.0,0.15,0.1,0.3,0.1,0.0,0.2,0.0,0.0,0.0,0.9,0.0,0.7,0.0,0.0,0.0,0.0,0.0,0.0
Borderlands,0.95,0.8,0.0,0.05,0.0,0.2,0.0,0.15,0.0,0.1,0.0,0.1,0.15,1.0,0.0,0.0,0.0,0.05,0.0,0.0,0.0,0.0,0.0,0.2,0.0,0.1,0.0,0.0,0.0,0.0,0.0,0.0
The Croods: A New Age,0.1,0.6,0.95,0.2,0.0,0.7,0.0,0.2,0.0,0.4,0.1,0.9,0.3,1.0,0.0,0.0,0.0,0.4,0.1,0.0,0.0,0.1,0.1,0.1,0.0,0.0,0.0,0.0,0.0,0.0,0.0,0.0
Father Stu,0.05,0.0,0.0,0.1,0.95,0.1,0.0,0.0,0.0,0.9,0.0,0.1,0.0,1.0,0.8,0.9,0.0,0.1,0.0,0.0,0.0,0.0,0.0,0.0,0.0,0.0,0.0,0.0,0.0,0.0,0.0,0.0
The Age of Adaline,0.05,0.1,0.0,0.2,0.7,0.15,0.0,0.0,0.0,0.9,0.0,0.1,0.2,1.0,0.0,0.0,0.0,0.1,0.0,0.2,0.0,0.85,0.0,0.0,0.0,0.3,0.0,0.0,0.05,0.1,0.7,0.6
10 Cloverfield Lane,0.2,0.1,0.0,0.05,0.0,0.0,0.05,0.0,0.0,0.6,0.0,0.0,0.0,0.95,0.0,0.0,0.85,0.0,0.0,0.7,0.0,0.0,0.0,0.0,0.0,0.9,0.0,0.0,0.0,0.0,0.0,0.75
Naked Fear,0.2,0.05,0.0,0.05,0.0,0.0,0.6,0.0,0.0,0.7,0.0,0.0,0.0,1.0,0.0,0.0,0.25,0.0,0.0,0.8,0.1,0.0,0.0,0.0,0.0,0.9,0.0,0.0,0.0,0.0,0.0,0.0
The Two Jakes,0.2,0.1,0.0,0.35,0.6,0.15,0.7,0.0,0.0,0.85,0.4,0.05,0.0,0.95,0.75,0.0,0.0,0.1,0.0,0.65,0.4,0.1,0.0,0.0,0.0,0.5,0.0,0.0,0.25,0.8,0.0,0.0
Hannibal,0.2,0.05,0.0,0.15,0.1,0.0,0.85,0.0,0.0,0.9,0.05,0.0,0.0,1.0,0.0,0.0,0.2,0.05,0.0,0.9,0.05,0.0,0.0,0.0,0.0,0.9,0.0,0.0,0.05,0.0,0.0,0.0
Men in Black: International,0.95,0.8,0.0,0.05,0.0,0.7,0.1,0.6,0.0,0.2,0.1,0.6,0.2,1.0,0.0,0.0,0.1,0.1,0.0,0.3,0.0,0.4,0.4,0.9,0.0,0.8,0.0,0.0,0.0,0.0,0.0,0.0
Me Time,0.05,0.01,0.0,0.0,0.0,0.9,0.0,0.0,0.0,0.4,0.0,0.2,0.0,1.0,0.0,0.0,0.0,0.1,0.0,0.0,0.0,0.1,0.0,0.0,0.0,0.0,0.0,0.0,0.2,0.0,0.3,0.0
Private Benjamin,0.2,0.05,0.0,0.05,0.0,0.85,0.05,0.0,0.0,0.7,0.0,0.15,0.0,1.0,0.0,0.0,0.0,0.05,0.05,0.05,0.0,0.25,0.0,0.0,0.1,0.05,0.0,0.0,0.1,0.0,0.7,0.0
About Last Night,0.0,0.0,0.0,0.05,0.0,0.95,0.0,0.8,0.0,0.1,0.0,0.0,0.0,1.0,0.0,0.0,0.0,0.1,0.05,0.0,0.0,0.7,0.9,0.0,0.0,0.0,0.0,0.0,0.0,0.0,0.0,0.0
Captain America,0.95,0.7,0.0,0.05,0.6,0.1,0.15,0.0,0.0,0.8,0.2,0.4,0.1,1.0,0.7,0.0,0.0,0.1,0.0,0.2,0.0,0.05,0.0,0.0,0.0,0.5,0.6,0.0,0.0,0.75,0.0,0.25
Shenandoah,0.6,0.7,0.0,0.1,0.05,0.15,0.0,0.0,0.0,0.8,0.5,0.2,0.0,1.0,0.75,0.85,0.0,0.1,0.0,0.0,0.0,0.1,0.0,0.0,0.0,0.1,0.25,0.95,0.0,0.0,0.0,0.0
Robin Hood,0.85,0.9,0.0,0.1,0.15,0.3,0.1,0.0,0.0,0.7,0.25,0.75,0.6,0.95,0.7,0.0,0.0,0.2,0.15,0.1,0.0,0.2,0.0,0.0,0.0,0.2,0.1,0.05,0.2,0.8,0.1,0.0
Shane,0.6,0.4,0.0,0.1,0.0,0.0,0.0,0.0,0.0,0.75,0.15,0.05,0.0,1.0,0.1,0.1,0.0,0.05,0.0,0.1,0.0,0.0,0.0,0.0,0.0,0.0,0.0,0.95,0.0,0.0,0.0,0.0
Girl Haunts Boy,0.0,0.0,0.0,0.05,0.0,0.1,0.0,0.0,0.0,0.8,0.0,0.0,0.0,1.0,0.0,0.0,0.05,0.05,0.0,0.15,0.0,0.7,0.1,0.0,0.0,0.05,0.0,0.0,0.2,0.0,0.0,0.0
Dinosaur,0.1,0.7,0.95,0.15,0.0,0.2,0.0,0.0,0.0,0.5,0.1,0.9,0.3,1.0,0.1,0.0,0.0,0.1,0.1,0.0,0.0,0.0,0.0,0.0,0.0,0.0,0.0,0.0,0.1,0.0,0.0,0.0
Ice Age: Collision Course,0.7,0.95,1.0,0.1,0.0,0.85,0.0,0.0,0.0,0.3,0.15,0.98,0.25,1.0,0.0,0.0,0.05,0.15,0.1,0.05,0.0,0.05,0.0,0.0,0.0,0.1,0.0,0.0,0.2,0.0,0.05,0.4
S.W.A.T.,0.95,0.2,0.0,0.05,0.05,0.1,0.7,0.15,0.0,0.6,0.1,0.05,0.0,0.98,0.0,0.0,0.05,0.05,0.0,0.25,0.0,0.1,0.0,0.0,0.0,0.75,0.0,0.0,0.0,0.0,0.0,0.0
Valentine,0.05,0.0,0.0,0.1,0.0,0.2,0.6,0.0,0.0,0.7,0.0,0.0,0.0,1.0,0.0,0.0,0.0,0.1,0.0,0.6,0.3,0.4,0.2,0.0,0.0,0.6,0.0,0.0,0.2,0.0,0.0,0.0
The Sorcerer's Apprentice,0.7,0.65,0.1,0.25,0.0,0.3,0.0,0.0,0.0,0.4,0.2,0.6,0.85,0.95,0.1,0.0,0.1,0.2,0.15,0.1,0.0,0.05,0.0,0.0,0.0,0.3,0.0,0.0,0.15,0.05,0.0,0.15
Independence Day,0.95,0.8,0.0,0.05,0.0,0.1,0.0,0.05,0.0,0.2,0.75,0.3,0.15,1.0,0.0,0.0,0.1,0.05,0.0,0.05,0.0,0.0,0.0,0.98,0.0,0.85,0.2,0.0,0.0,0.0,0.0,0.0
The Avengers,0.95,0.7,0.0,0.05,0.0,0.1,0.0,0.05,0.0,0.6,0.75,0.2,0.1,1.0,0.0,0.0,0.0,0.05,0.0,0.0,0.0,0.0,0.0,0.5,0.0,0.8,0.0,0.0,0.0,0.0,0.0,0.0
Find Me Falling,0.1,0.15,0.0,0.05,0.0,0.2,0.0,0.15,0.0,0.7,0.0,0.1,0.0,1.0,0.0,0.0,0.0,0.05,0.0,0.1,0.0,0.25,0.05,0.0,0.0,0.1,0.0,0.0,0.0,0.0,0.0,0.0
The Covenant,0.75,0.6,0.0,0.15,0.05,0.0,0.1,0.0,0.0,0.7,0.2,0.0,0.0,1.0,0.25,0.3,0.0,0.05,0.0,0.2,0.0,0.0,0.0,0.0,0.0,0.35,0.1,0.0,0.0,0.0,0.0,0.0
The Bad Guys,0.2,0.6,0.95,0.1,0.0,0.85,0.05,0.0,0.0,0.25,0.0,0.9,0.15,1.0,0.0,0.0,0.0,0.15,0.2,0.05,0.0,0.05,0.0,0.0,0.0,0.1,0.0,0.0,0.6,0.0,0.1,0.0
Zombieland: Double Tap,0.75,0.6,0.0,0.05,0.0,0.9,0.0,0.8,0.0,0.2,0.0,0.5,0.1,1.0,0.0,0.0,0.85,0.1,0.0,0.15,0.0,0.1,0.15,0.0,0.0,0.25,0.0,0.0,0.0,0.0,0.0,0.0
Saw,0.2,0.0,0.0,0.05,0.0,0.0,0.7,0.2,0.0,0.6,0.0,0.0,0.0,1.0,0.0,0.0,0.95,0.0,0.0,0.8,0.0,0.0,0.0,0.0,0.0,0.9,0.0,0.0,0.0,0.0,0.0,0.0
Bird,0.0,0.0,0.0,0.2,0.95,0.0,0.0,0.0,0.0,0.9,0.0,0.0,0.0,1.0,0.8,0.9,0.0,0.2,0.0,0.0,0.0,0.0,0.0,0.0,0.0,0.0,0.0,0.0,0.0,0.0,0.0,0.0
Sphere,0.2,0.4,0.0,0.1,0.0,0.0,0.0,0.0,0.0,0.6,0.2,0.0,0.0,1.0,0.0,0.0,0.3,0.0,0.0,0.7,0.0,0.0,0.0,0.8,0.0,0.8,0.0,0.0,0.0,0.0,0.0,0.0
Silver Bullet,0.85,0.6,0.0,0.05,0.0,0.0,0.1,0.0,0.0,0.7,0.15,0.2,0.3,1.0,0.25,0.2,0.9,0.1,0.0,0.65,0.0,0.0,0.0,0.35,0.0,0.8,0.15,0.0,0.0,0.0,0.0,0.0
Orphan,0.1,0.05,0.0,0.05,0.0,0.0,0.15,0.0,0.0,0.6,0.0,0.0,0.0,1.0,0.0,0.0,0.8,0.05,0.0,0.75,0.0,0.0,0.0,0.0,0.0,0.9,0.0,0.0,0.0,0.0,0.0,0.0
Beetlejuice,0.05,0.05,0.1,0.2,0.0,0.85,0.0,0.0,0.0,0.6,0.0,0.2,0.7,1.0,0.0,0.0,0.4,0.15,0.1,0.2,0.0,0.1,0.0,0.0,0.0,0.2,0.0,0.0,0.95,0.0,0.2,0.1
Nightbitch,0.0,0.0,0.0,0.6,0.0,0.05,0.0,0.0,0.0,0.95,0.0,0.0,0.0,1.0,0.0,0.0,0.05,0.05,0.0,0.05,0.0,0.0,0.0,0.0,0.0,0.1,0.0,0.0,0.15,0.0,0.0,0.0
47 Ronin,0.95,0.8,0.0,0.1,0.15,0.05,0.0,0.0,0.0,0.7,0.65,0.1,0.2,0.9,0.85,0.8,0.0,0.15,0.0,0.1,0.0,0.0,0.0,0.0,0.0,0.2,0.0,0.0,0.0,0.0,0.0,0.0
Dirty Work,0.8,0.5,0.0,0.05,0.0,0.2,0.65,0.25,0.0,0.4,0.0,0.1,0.0,1.0,0.0,0.0,0.0,0.0,0.0,0.15,0.1,0.0,0.0,0.0,0.0,0.7,0.0,0.0,0.0,0.0,0.0,0.0
Death Wish 4: The Crackdown,0.95,0.05,0.0,0.0,0.0,0.0,0.9,0.0,0.0,0.6,0.0,0.0,0.0,1.0,0.0,0.0,0.0,0.0,0.0,0.0,0.0,0.0,0.0,0.0,0.0,0.8,0.0,0.0,0.0,0.0,0.0,0.0
Harriet,0.2,0.1,0.0,0.05,0.95,0.05,0.1,0.0,0.0,0.9,0.2,0.1,0.0,0.95,0.9,0.95,0.0,0.15,0.05,0.05,0.0,0.05,0.0,0.0,0.0,0.1,0.15,0.0,0.0,0.0,0.0,0.0
The Hobbit: The Desolation of Smaug,0.95,0.98,0.0,0.15,0.0,0.1,0.0,0.0,0.0,0.75,0.9,0.8,0.99,1.0,0.2,0.0,0.1,0.2,0.0,0.2,0.0,0.0,0.0,0.0,0.0,0.3,0.0,0.0,0.0,0.1,0.0,0.0
Twin Peaks: The Missing Pieces,0.2,0.15,0.0,0.35,0.4,0.1,0.25,0.0,0.0,0.9,0.1,0.05,0.3,0.95,0.5,0.0,0.2,0.4,0.05,0.95,0.1,0.25,0.0,0.0,0.0,0.8,0.05,0.0,0.15,0.55,0.0,0.1
PT 109,0.95,0.8,0.0,0.05,0.75,0.0,0.0,0.0,0.0,0.9,0.2,0.1,0.0,1.0,0.85,0.0,0.0,0.05,0.0,0.0,0.0,0.0,0.0,0.0,0.0,0.1,0.98,0.0,0.0,0.9,0.0,0.0
The Secret Life of Pets,0.1,0.25,0.95,0.15,0.0,0.8,0.05,0.0,0.0,0.2,0.0,0.9,0.1,0.95,0.0,0.0,0.05,0.2,0.1,0.1,0.0,0.1,0.0,0.0,0.0,0.05,0.0,0.0,0.3,0.0,0.15,0.05
Rio Lobo,0.7,0.65,0.0,0.05,0.0,0.1,0.0,0.0,0.0,0.5,0.15,0.4,0.0,0.95,0.1,0.0,0.0,0.1,0.0,0.05,0.0,0.2,0.0,0.0,0.0,0.1,0.0,0.98,0.0,0.15,0.0,0.0
Mission: Impossible - The Final Reckoning,0.98,0.95,0.0,0.05,0.0,0.02,0.1,0.0,0.0,0.2,0.15,0.05,0.0,0.99,0.0,0.0,0.05,0.05,0.0,0.7,0.0,0.0,0.0,0.0,0.0,0.9,0.0,0.0,0.0,0.0,0.0,0.0
Magnolia,0.05,0.01,0.0,0.65,0.1,0.25,0.05,0.0,0.0,0.95,0.1,0.0,0.0,1.0,0.0,0.0,0.05,0.1,0.0,0.1,0.0,0.2,0.0,0.0,0.0,0.1,0.0,0.0,0.55,0.0,0.0,0.0
Face/Off,0.95,0.0,0.0,0.05,0.0,0.0,0.9,0.0,0.0,0.85,0.0,0.0,0.0,1.0,0.0,0.0,0.15,0.0,0.0,0.9,0.1,0.0,0.0,0.0,0.0,0.98,0.0,0.0,0.1,0.0,0.0,0.7
What a Girl Wants,0.05,0.1,0.0,0.05,0.0,0.7,0.0,0.0,0.0,0.6,0.0,0.85,0.0,1.0,0.0,0.0,0.0,0.1,0.15,0.0,0.0,0.55,0.9,0.0,0.0,0.0,0.0,0.0,0.15,0.0,0.0,0.0
Eight Legged Freaks,0.2,0.1,0.0,0.05,0.0,0.15,0.05,0.25,0.0,0.15,0.0,0.1,0.15,1.0,0.0,0.0,0.6,0.0,0.0,0.1,0.0,0.0,0.0,0.0,0.0,0.5,0.0,0.0,0.0,0.0,0.0,0.0
On the Town,0.1,0.2,0.0,0.15,0.0,0.85,0.0,0.0,0.0,0.3,0.05,0.7,0.0,1.0,0.05,0.0,0.0,0.95,0.98,0.0,0.0,0.6,0.0,0.0,0.0,0.0,0.0,0.0,0.1,0.0,0.65,0.0
Rebecca,0.0,0.0,0.0,0.6,0.0,0.0,0.0,0.0,0.0,0.95,0.0,0.0,0.0,1.0,0.0,0.8,0.1,0.05,0.0,0.75,0.0,0.15,0.0,0.0,0.0,0.7,0.0,0.0,0.0,0.0,0.0,0.0
The Florida Project,0.05,0.0,0.0,0.75,0.0,0.2,0.0,0.0,0.0,0.95,0.0,0.1,0.0,1.0,0.0,0.0,0.0,0.15,0.0,0.0,0.0,0.0,0.0,0.0,0.0,0.05,0.0,0.0,0.1,0.0,0.0,0.0
The Amsterdam Kill,0.7,0.1,0.0,0.05,0.0,0.0,0.95,0.0,0.0,0.6,0.0,0.0,0.0,1.0,0.0,0.0,0.0,0.0,0.0,0.8,0.1,0.0,0.0,0.0,0.0,0.9,0.0,0.0,0.0,0.0,0.0,0.0
Autumn in New York,0.01,0.05,0.0,0.2,0.0,0.15,0.0,0.0,0.0,0.85,0.0,0.05,0.0,0.95,0.0,0.0,0.0,0.1,0.0,0.0,0.0,0.7,0.0,0.0,0.0,0.0,0.0,0.0,0.05,0.0,0.25,0.0
The Lego Batman Movie,0.85,0.9,1.0,0.7,0.0,0.95,0.1,0.0,0.0,0.6,0.1,0.98,0.2,1.0,0.05,0.0,0.05,0.5,0.2,0.2,0.0,0.1,0.2,0.1,0.0,0.3,0.0,0.0,0.8,0.0,0.0,0.0
Deconstructing Harry,0.01,0.01,0.0,0.85,0.01,0.25,0.0,0.0,0.0,0.95,0.0,0.0,0.0,0.99,0.01,0.0,0.0,0.1,0.0,0.05,0.0,0.05,0.0,0.0,0.0,0.0,0.0,0.0,0.2,0.0,0.0,0.0
E.T. the Extra-Terrestrial,0.2,0.85,0.0,0.15,0.0,0.6,0.0,0.05,0.0,0.7,0.1,0.95,0.9,1.0,0.0,0.0,0.05,0.3,0.0,0.1,0.0,0.2,0.1,0.98,0.0,0.1,0.0,0.0,0.0,0.0,0.0,0.0
Freaks,0.01,0.01,0.0,0.65,0.05,0.0,0.0,0.0,0.0,0.85,0.0,0.0,0.0,0.99,0.1,0.0,0.05,0.02,0.0,0.0,0.0,0.0,0.0,0.0,0.0,0.05,0.0,0.0,0.01,0.1,0.0,0.0
The House of the Devil,0.05,0.01,0.0,0.25,0.0,0.1,0.05,0.2,0.0,0.4,0.0,0.0,0.0,1.0,0.0,0.0,0.85,0.1,0.0,0.7,0.1,0.0,0.0,0.0,0.0,0.75,0.0,0.0,0.0,0.0,0.0,0.0
Cape Fear,0.2,0.0,0.0,0.05,0.0,0.0,0.95,0.0,0.0,0.9,0.0,0.0,0.0,1.0,0.0,0.0,0.1,0.0,0.0,0.85,0.15,0.0,0.0,0.0,0.0,0.98,0.0,0.0,0.0,0.0,0.0,0.0
Olympus Has Fallen,0.95,0.2,0.0,0.05,0.0,0.0,0.1,0.0,0.0,0.6,0.3,0.0,0.0,0.98,0.15,0.15,0.2,0.0,0.0,0.7,0.0,0.0,0.0,0.0,0.0,0.9,0.1,0.0,0.0,0.0,0.0,0.0
The Bank Job,0.95,0.7,0.0,0.1,0.0,0.2,0.98,0.0,0.0,0.8,0.3,0.0,0.0,1.0,0.2,0.0,0.0,0.05,0.0,0.9,0.2,0.0,0.0,0.0,0.0,0.9,0.0,0.0,0.15,0.2,0.0,0.0
Sweet Home Alabama,0.1,0.05,0.0,0.15,0.0,0.8,0.0,0.0,0.0,0.7,0.0,0.1,0.0,1.0,0.0,0.0,0.0,0.2,0.3,0.05,0.0,0.95,0.0,0.0,0.0,0.05,0.0,0.0,0.75,0.05,0.9,0.0
